filename,cell_type,xmin,xmax,ymin,ymax
BloodImage_00000.jpg,WBC,260,491,177,376
BloodImage_00000.jpg,RBC,78,184,336,435
BloodImage_00000.jpg,RBC,63,169,237,336
BloodImage_00000.jpg,RBC,214,320,362,461
BloodImage_00000.jpg,RBC,414,506,352,445
BloodImage_00000.jpg,RBC,555,640,356,455
BloodImage_00000.jpg,RBC,469,567,412,480
BloodImage_00000.jpg,RBC,1,87,333,437
BloodImage_00000.jpg,RBC,4,95,406,480
BloodImage_00000.jpg,RBC,155,247,74,174
BloodImage_00000.jpg,RBC,11,104,84,162
BloodImage_00000.jpg,RBC,534,639,39,139
BloodImage_00000.jpg,RBC,547,640,195,295
BloodImage_00000.jpg,RBC,388,481,11,111
BloodImage_00000.jpg,RBC,171,264,175,275
BloodImage_00000.jpg,RBC,260,374,1,83
BloodImage_00000.jpg,RBC,229,343,91,174
BloodImage_00000.jpg,RBC,69,184,144,235
BloodImage_00000.jpg,RBC,482,594,131,230
BloodImage_00000.jpg,RBC,368,464,89,176
BloodImage_00001.jpg,WBC,68,286,315,480
BloodImage_00001.jpg,RBC,346,446,361,454
BloodImage_00001.jpg,RBC,53,146,179,299
BloodImage_00001.jpg,RBC,449,536,400,480
BloodImage_00001.jpg,RBC,461,548,132,212
BloodImage_00001.jpg,RBC,454,541,295,375
BloodImage_00001.jpg,RBC,417,508,283,383
BloodImage_00001.jpg,RBC,278,369,342,451
BloodImage_00001.jpg,RBC,545,636,62,159
BloodImage_00001.jpg,RBC,485,576,91,188
BloodImage_00001.jpg,RBC,376,438,171,253
BloodImage_00001.jpg,RBC,329,395,177,271
BloodImage_00001.jpg,RBC,291,407,59,168
BloodImage_00001.jpg,RBC,299,404,1,68
BloodImage_00001.jpg,RBC,346,449,26,138
BloodImage_00001.jpg,RBC,134,241,1,95
BloodImage_00001.jpg,RBC,1,98,38,164
BloodImage_00001.jpg,RBC,165,257,160,264
BloodImage_00001.jpg,RBC,464,566,209,319
BloodImage_00002.jpg,RBC,385,523,98,198
BloodImage_00002.jpg,RBC,384,499,164,260
BloodImage_00002.jpg,RBC,101,224,120,222
BloodImage_00002.jpg,RBC,130,234,344,443
BloodImage_00002.jpg,RBC,161,254,381,480
BloodImage_00002.jpg,RBC,14,123,228,344
BloodImage_00002.jpg,RBC,306,415,293,409
BloodImage_00002.jpg,RBC,531,632,103,221
BloodImage_00002.jpg,RBC,492,593,233,347
BloodImage_00002.jpg,RBC,364,465,261,375
BloodImage_00002.jpg,RBC,264,365,60,174
BloodImage_00002.jpg,RBC,249,369,174,296
BloodImage_00002.jpg,WBC,283,567,1,106
BloodImage_00002.jpg,RBC,109,202,1,98
BloodImage_00002.jpg,RBC,135,228,66,164
BloodImage_00002.jpg,RBC,480,590,374,480
BloodImage_00003.jpg,WBC,127,344,40,226
BloodImage_00003.jpg,RBC,317,424,93,195
BloodImage_00003.jpg,RBC,379,471,146,234
BloodImage_00003.jpg,RBC,504,614,210,302
BloodImage_00003.jpg,RBC,417,553,248,369
BloodImage_00003.jpg,RBC,514,615,13,136
BloodImage_00003.jpg,RBC,417,520,1,88
BloodImage_00003.jpg,RBC,1,79,126,240
BloodImage_00003.jpg,RBC,47,158,202,317
BloodImage_00003.jpg,RBC,314,424,284,377
BloodImage_00003.jpg,RBC,365,484,350,451
BloodImage_00003.jpg,RBC,1,86,347,434
BloodImage_00003.jpg,RBC,49,183,396,480
BloodImage_00003.jpg,RBC,514,595,385,477
BloodImage_00003.jpg,RBC,56,151,66,211
BloodImage_00003.jpg,RBC,213,333,253,368
BloodImage_00003.jpg,Platelets,335,370,268,299
BloodImage_00004.jpg,WBC,109,324,134,321
BloodImage_00004.jpg,RBC,432,528,242,325
BloodImage_00004.jpg,RBC,510,606,112,195
BloodImage_00004.jpg,RBC,482,594,361,475
BloodImage_00004.jpg,RBC,75,166,281,375
BloodImage_00004.jpg,RBC,38,147,1,62
BloodImage_00004.jpg,RBC,288,390,33,131
BloodImage_00004.jpg,RBC,411,527,66,185
BloodImage_00004.jpg,RBC,1,102,82,198
BloodImage_00004.jpg,RBC,1,81,283,372
BloodImage_00004.jpg,RBC,1,78,315,397
BloodImage_00004.jpg,RBC,391,469,373,455
BloodImage_00004.jpg,Platelets,127,163,47,81
BloodImage_00005.jpg,RBC,273,386,115,222
BloodImage_00005.jpg,RBC,56,169,103,210
BloodImage_00005.jpg,RBC,414,518,42,170
BloodImage_00005.jpg,RBC,536,640,74,202
BloodImage_00005.jpg,RBC,474,578,193,321
BloodImage_00005.jpg,RBC,466,570,337,465
BloodImage_00005.jpg,RBC,420,524,352,480
BloodImage_00005.jpg,RBC,215,314,174,281
BloodImage_00005.jpg,RBC,380,479,181,288
BloodImage_00005.jpg,RBC,1,99,64,171
BloodImage_00005.jpg,RBC,324,444,1,87
BloodImage_00005.jpg,RBC,162,290,1,70
BloodImage_00005.jpg,RBC,173,260,165,270
BloodImage_00005.jpg,RBC,139,226,191,296
BloodImage_00005.jpg,RBC,103,190,211,316
BloodImage_00005.jpg,RBC,29,116,231,336
BloodImage_00005.jpg,Platelets,170,207,65,100
BloodImage_00005.jpg,Platelets,6,43,401,436
BloodImage_00005.jpg,Platelets,124,161,305,340
BloodImage_00005.jpg,WBC,230,441,288,480
BloodImage_00005.jpg,RBC,151,236,298,423
BloodImage_00005.jpg,RBC,63,174,19,97
BloodImage_00006.jpg,WBC,117,290,190,360
BloodImage_00006.jpg,Platelets,89,131,184,221
BloodImage_00006.jpg,Platelets,65,107,203,240
BloodImage_00006.jpg,Platelets,333,372,1,30
BloodImage_00006.jpg,RBC,79,202,357,459
BloodImage_00006.jpg,RBC,495,620,1,114
BloodImage_00006.jpg,RBC,353,476,327,463
BloodImage_00006.jpg,RBC,449,565,319,393
BloodImage_00006.jpg,RBC,291,403,104,194
BloodImage_00006.jpg,RBC,211,323,76,166
BloodImage_00006.jpg,RBC,207,319,350,440
BloodImage_00006.jpg,RBC,253,371,298,403
BloodImage_00006.jpg,RBC,546,639,368,480
BloodImage_00006.jpg,RBC,482,617,223,327
BloodImage_00006.jpg,RBC,503,619,160,246
BloodImage_00006.jpg,RBC,373,489,142,235
BloodImage_00006.jpg,RBC,108,235,121,216
BloodImage_00006.jpg,RBC,16,143,59,154
BloodImage_00007.jpg,WBC,193,387,92,285
BloodImage_00007.jpg,RBC,17,134,298,402
BloodImage_00007.jpg,RBC,64,175,372,479
BloodImage_00007.jpg,RBC,119,230,330,437
BloodImage_00007.jpg,RBC,169,259,265,374
BloodImage_00007.jpg,RBC,191,281,291,400
BloodImage_00007.jpg,RBC,213,303,305,414
BloodImage_00007.jpg,RBC,247,337,315,424
BloodImage_00007.jpg,RBC,495,601,300,402
BloodImage_00007.jpg,RBC,534,640,371,473
BloodImage_00007.jpg,RBC,510,616,7,109
BloodImage_00007.jpg,RBC,515,639,44,152
BloodImage_00007.jpg,RBC,18,142,124,232
BloodImage_00007.jpg,RBC,70,194,63,171
BloodImage_00007.jpg,RBC,19,143,29,137
BloodImage_00007.jpg,RBC,270,392,1,71
BloodImage_00007.jpg,RBC,254,340,427,480
BloodImage_00007.jpg,RBC,298,381,434,480
BloodImage_00008.jpg,WBC,42,277,183,381
BloodImage_00008.jpg,RBC,398,519,222,330
BloodImage_00008.jpg,RBC,505,626,103,211
BloodImage_00008.jpg,RBC,366,472,315,413
BloodImage_00008.jpg,RBC,456,562,312,410
BloodImage_00008.jpg,RBC,524,630,250,348
BloodImage_00008.jpg,RBC,534,640,335,433
BloodImage_00008.jpg,RBC,353,459,43,141
BloodImage_00008.jpg,RBC,316,422,43,141
BloodImage_00008.jpg,RBC,265,371,25,123
BloodImage_00008.jpg,RBC,221,327,18,116
BloodImage_00008.jpg,RBC,109,221,1,85
BloodImage_00008.jpg,RBC,1,96,166,299
BloodImage_00008.jpg,RBC,263,365,402,480
BloodImage_00008.jpg,RBC,178,280,402,480
BloodImage_00008.jpg,RBC,1,102,1,77
BloodImage_00008.jpg,RBC,196,313,135,215
BloodImage_00008.jpg,RBC,447,607,392,480
BloodImage_00008.jpg,RBC,148,234,62,172
BloodImage_00008.jpg,RBC,438,564,1,85
BloodImage_00009.jpg,WBC,23,255,137,423
BloodImage_00009.jpg,RBC,441,575,324,423
BloodImage_00009.jpg,RBC,372,468,192,279
BloodImage_00009.jpg,RBC,305,401,213,300
BloodImage_00009.jpg,RBC,226,324,288,439
BloodImage_00009.jpg,RBC,313,408,318,414
BloodImage_00009.jpg,RBC,282,377,384,480
BloodImage_00009.jpg,RBC,446,567,97,206
BloodImage_00009.jpg,RBC,440,561,1,96
BloodImage_00009.jpg,RBC,214,331,107,198
BloodImage_00009.jpg,RBC,298,435,85,211
BloodImage_00009.jpg,RBC,7,133,76,197
BloodImage_00009.jpg,RBC,1,115,1,94
BloodImage_00009.jpg,RBC,286,394,1,65
BloodImage_00009.jpg,RBC,154,289,13,127
BloodImage_00009.jpg,Platelets,452,493,415,449
BloodImage_00009.jpg,RBC,479,575,155,242
BloodImage_00009.jpg,RBC,135,231,393,480
BloodImage_00010.jpg,WBC,23,204,229,421
BloodImage_00010.jpg,WBC,239,510,253,470
BloodImage_00010.jpg,RBC,167,269,212,331
BloodImage_00010.jpg,RBC,69,170,138,243
BloodImage_00010.jpg,RBC,43,126,84,171
BloodImage_00010.jpg,RBC,275,358,166,253
BloodImage_00010.jpg,RBC,311,394,179,266
BloodImage_00010.jpg,RBC,267,350,69,156
BloodImage_00010.jpg,RBC,307,390,75,162
BloodImage_00010.jpg,RBC,339,422,80,167
BloodImage_00010.jpg,RBC,456,550,1,68
BloodImage_00010.jpg,RBC,314,429,1,69
BloodImage_00010.jpg,RBC,200,310,1,43
BloodImage_00010.jpg,RBC,16,100,1,79
BloodImage_00010.jpg,RBC,406,538,80,185
BloodImage_00010.jpg,RBC,560,640,236,345
BloodImage_00010.jpg,RBC,571,640,174,260
BloodImage_00010.jpg,RBC,566,640,76,160
BloodImage_00011.jpg,WBC,109,304,119,332
BloodImage_00011.jpg,RBC,364,453,201,279
BloodImage_00011.jpg,RBC,416,505,167,245
BloodImage_00011.jpg,RBC,459,548,111,189
BloodImage_00011.jpg,RBC,462,551,142,240
BloodImage_00011.jpg,RBC,505,576,163,240
BloodImage_00011.jpg,RBC,476,583,235,332
BloodImage_00011.jpg,RBC,14,117,296,409
BloodImage_00011.jpg,RBC,220,313,8,112
BloodImage_00011.jpg,RBC,342,435,48,152
BloodImage_00011.jpg,RBC,317,434,74,180
BloodImage_00011.jpg,RBC,258,352,79,171
BloodImage_00011.jpg,RBC,404,498,291,394
BloodImage_00011.jpg,RBC,199,293,337,440
BloodImage_00011.jpg,RBC,85,211,372,477
BloodImage_00011.jpg,RBC,104,212,1,117
BloodImage_00011.jpg,Platelets,85,122,153,196
BloodImage_00011.jpg,RBC,262,354,419,480
BloodImage_00011.jpg,RBC,1,94,77,180
BloodImage_00012.jpg,WBC,2,228,187,359
BloodImage_00012.jpg,RBC,349,475,146,240
BloodImage_00012.jpg,RBC,377,483,210,314
BloodImage_00012.jpg,RBC,401,507,299,403
BloodImage_00012.jpg,RBC,296,386,281,387
BloodImage_00012.jpg,RBC,251,344,311,439
BloodImage_00012.jpg,RBC,168,264,304,402
BloodImage_00012.jpg,RBC,14,125,335,434
BloodImage_00012.jpg,RBC,126,251,393,479
BloodImage_00012.jpg,RBC,329,412,376,477
BloodImage_00012.jpg,RBC,519,622,356,455
BloodImage_00012.jpg,RBC,476,579,257,356
BloodImage_00012.jpg,RBC,489,592,193,292
BloodImage_00012.jpg,RBC,564,640,232,328
BloodImage_00012.jpg,Platelets,417,463,403,440
BloodImage_00012.jpg,Platelets,351,397,44,81
BloodImage_00012.jpg,RBC,220,303,20,107
BloodImage_00012.jpg,RBC,495,605,82,204
BloodImage_00012.jpg,RBC,299,381,431,480
BloodImage_00013.jpg,WBC,31,238,208,406
BloodImage_00013.jpg,RBC,255,371,283,392
BloodImage_00013.jpg,RBC,405,517,288,420
BloodImage_00013.jpg,RBC,369,486,77,223
BloodImage_00013.jpg,RBC,90,200,98,189
BloodImage_00013.jpg,RBC,203,313,365,456
BloodImage_00013.jpg,RBC,318,427,396,480
BloodImage_00013.jpg,RBC,574,639,160,281
BloodImage_00013.jpg,RBC,466,564,57,174
BloodImage_00013.jpg,RBC,547,638,48,144
BloodImage_00013.jpg,RBC,500,599,214,325
BloodImage_00013.jpg,RBC,184,299,12,118
BloodImage_00013.jpg,RBC,105,220,34,140
BloodImage_00013.jpg,RBC,455,555,404,480
BloodImage_00013.jpg,RBC,324,424,402,478
BloodImage_00014.jpg,WBC,236,379,211,353
BloodImage_00014.jpg,RBC,158,258,140,234
BloodImage_00014.jpg,RBC,78,197,334,435
BloodImage_00014.jpg,RBC,1,72,137,242
BloodImage_00014.jpg,RBC,33,152,89,189
BloodImage_00014.jpg,RBC,53,172,15,115
BloodImage_00014.jpg,RBC,336,406,1,93
BloodImage_00014.jpg,RBC,297,422,78,173
BloodImage_00014.jpg,RBC,224,352,76,191
BloodImage_00014.jpg,RBC,215,334,380,480
BloodImage_00014.jpg,RBC,356,447,303,393
BloodImage_00014.jpg,RBC,393,484,215,305
BloodImage_00014.jpg,RBC,448,545,406,480
BloodImage_00014.jpg,RBC,431,554,1,102
BloodImage_00014.jpg,Platelets,362,405,389,428
BloodImage_00014.jpg,Platelets,233,276,340,379
BloodImage_00014.jpg,RBC,542,630,289,399
BloodImage_00014.jpg,RBC,579,640,131,236
BloodImage_00014.jpg,RBC,525,618,70,176
BloodImage_00015.jpg,WBC,145,361,4,240
BloodImage_00015.jpg,RBC,353,428,135,232
BloodImage_00015.jpg,RBC,354,448,12,128
BloodImage_00015.jpg,RBC,440,540,78,160
BloodImage_00015.jpg,RBC,537,638,47,144
BloodImage_00015.jpg,RBC,435,538,1,75
BloodImage_00015.jpg,RBC,411,522,359,459
BloodImage_00015.jpg,RBC,266,374,409,480
BloodImage_00015.jpg,RBC,1,134,396,480
BloodImage_00015.jpg,RBC,1,102,272,379
BloodImage_00015.jpg,RBC,62,165,62,169
BloodImage_00015.jpg,RBC,248,351,201,308
BloodImage_00015.jpg,RBC,91,204,300,391
BloodImage_00015.jpg,RBC,564,640,140,240
BloodImage_00015.jpg,Platelets,291,337,373,410
BloodImage_00015.jpg,RBC,373,484,202,302
BloodImage_00016.jpg,WBC,151,329,118,279
BloodImage_00016.jpg,RBC,121,242,323,440
BloodImage_00016.jpg,RBC,324,418,115,236
BloodImage_00016.jpg,RBC,450,542,329,442
BloodImage_00016.jpg,RBC,427,519,364,477
BloodImage_00016.jpg,RBC,230,346,333,449
BloodImage_00016.jpg,RBC,448,549,91,168
BloodImage_00016.jpg,RBC,570,640,290,403
BloodImage_00016.jpg,RBC,523,637,69,174
BloodImage_00016.jpg,RBC,334,451,219,337
BloodImage_00016.jpg,RBC,449,566,227,345
BloodImage_00016.jpg,RBC,66,160,155,276
BloodImage_00016.jpg,Platelets,97,129,327,365
BloodImage_00017.jpg,WBC,128,336,215,391
BloodImage_00017.jpg,RBC,406,514,176,272
BloodImage_00017.jpg,RBC,400,510,73,181
BloodImage_00017.jpg,RBC,215,299,87,187
BloodImage_00017.jpg,RBC,435,547,302,400
BloodImage_00017.jpg,RBC,424,536,354,452
BloodImage_00017.jpg,RBC,131,235,382,470
BloodImage_00017.jpg,RBC,481,585,164,252
BloodImage_00017.jpg,RBC,5,102,335,434
BloodImage_00017.jpg,RBC,1,53,101,205
BloodImage_00017.jpg,RBC,221,340,390,464
BloodImage_00017.jpg,RBC,156,260,1,84
BloodImage_00017.jpg,RBC,279,381,37,145
BloodImage_00017.jpg,RBC,528,621,1,87
BloodImage_00017.jpg,RBC,488,581,11,98
BloodImage_00017.jpg,RBC,4,106,245,353
BloodImage_00017.jpg,RBC,322,424,335,443
BloodImage_00017.jpg,Platelets,382,419,47,79
BloodImage_00018.jpg,WBC,302,481,1,166
BloodImage_00018.jpg,RBC,167,307,100,197
BloodImage_00018.jpg,RBC,210,319,1,64
BloodImage_00018.jpg,RBC,561,639,74,183
BloodImage_00018.jpg,RBC,130,230,26,125
BloodImage_00018.jpg,RBC,74,164,189,277
BloodImage_00018.jpg,RBC,304,394,162,250
BloodImage_00018.jpg,RBC,363,453,163,251
BloodImage_00018.jpg,RBC,410,500,152,240
BloodImage_00018.jpg,RBC,430,520,131,219
BloodImage_00018.jpg,RBC,483,573,109,197
BloodImage_00018.jpg,RBC,541,631,276,364
BloodImage_00018.jpg,RBC,572,640,181,287
BloodImage_00018.jpg,RBC,286,375,424,480
BloodImage_00018.jpg,RBC,308,421,240,325
BloodImage_00018.jpg,RBC,189,278,345,423
BloodImage_00018.jpg,RBC,1,89,213,340
BloodImage_00018.jpg,RBC,67,182,324,447
BloodImage_00018.jpg,RBC,17,131,45,168
BloodImage_00018.jpg,RBC,21,114,1,86
BloodImage_00018.jpg,RBC,243,333,189,277
BloodImage_00018.jpg,RBC,241,331,259,347
BloodImage_00019.jpg,WBC,107,295,97,267
BloodImage_00019.jpg,RBC,41,126,158,280
BloodImage_00019.jpg,RBC,410,513,315,430
BloodImage_00019.jpg,RBC,524,627,332,447
BloodImage_00019.jpg,RBC,461,564,348,463
BloodImage_00019.jpg,RBC,227,343,398,480
BloodImage_00019.jpg,RBC,133,249,398,480
BloodImage_00019.jpg,RBC,125,241,366,448
BloodImage_00019.jpg,RBC,373,476,150,243
BloodImage_00019.jpg,RBC,492,595,196,289
BloodImage_00019.jpg,RBC,297,428,201,315
BloodImage_00019.jpg,RBC,532,615,48,142
BloodImage_00019.jpg,RBC,1,56,122,255
BloodImage_00019.jpg,RBC,88,237,1,93
BloodImage_00019.jpg,RBC,231,317,251,336
BloodImage_00019.jpg,RBC,164,270,284,376
BloodImage_00019.jpg,RBC,320,423,133,226
BloodImage_00020.jpg,Platelets,419,478,189,236
BloodImage_00020.jpg,WBC,352,475,364,447
BloodImage_00020.jpg,RBC,226,333,99,206
BloodImage_00020.jpg,RBC,404,511,25,132
BloodImage_00020.jpg,RBC,511,618,38,145
BloodImage_00020.jpg,RBC,457,564,206,313
BloodImage_00020.jpg,RBC,478,585,370,477
BloodImage_00020.jpg,RBC,287,394,238,345
BloodImage_00020.jpg,Platelets,372,406,343,374
BloodImage_00020.jpg,RBC,40,147,277,384
BloodImage_00020.jpg,RBC,1,79,277,379
BloodImage_00020.jpg,RBC,80,187,166,273
BloodImage_00020.jpg,RBC,143,250,245,352
BloodImage_00020.jpg,RBC,144,251,366,473
BloodImage_00020.jpg,RBC,142,249,364,471
BloodImage_00020.jpg,RBC,109,216,41,148
BloodImage_00020.jpg,RBC,460,567,59,166
BloodImage_00020.jpg,RBC,570,640,256,357
BloodImage_00020.jpg,RBC,61,169,383,480
BloodImage_00020.jpg,RBC,1,106,128,235
BloodImage_00020.jpg,RBC,40,149,1,95
BloodImage_00020.jpg,RBC,165,274,1,95
BloodImage_00020.jpg,Platelets,80,115,128,161
BloodImage_00021.jpg,WBC,330,494,302,438
BloodImage_00021.jpg,Platelets,375,422,103,146
BloodImage_00021.jpg,Platelets,483,530,184,227
BloodImage_00021.jpg,RBC,363,483,141,255
BloodImage_00021.jpg,RBC,274,394,161,275
BloodImage_00021.jpg,RBC,215,335,219,333
BloodImage_00021.jpg,RBC,97,217,335,449
BloodImage_00021.jpg,RBC,5,125,262,376
BloodImage_00021.jpg,RBC,50,170,229,343
BloodImage_00021.jpg,RBC,1,104,102,197
BloodImage_00021.jpg,RBC,72,176,98,193
BloodImage_00021.jpg,RBC,521,625,109,204
BloodImage_00021.jpg,RBC,581,640,100,194
BloodImage_00021.jpg,RBC,378,475,1,76
BloodImage_00021.jpg,RBC,209,318,1,111
BloodImage_00021.jpg,RBC,117,207,1,87
BloodImage_00021.jpg,RBC,568,639,347,461
BloodImage_00021.jpg,RBC,168,288,84,198
BloodImage_00021.jpg,RBC,221,341,361,475
BloodImage_00022.jpg,WBC,108,281,194,372
BloodImage_00022.jpg,Platelets,99,138,329,360
BloodImage_00022.jpg,Platelets,149,188,1,30
BloodImage_00022.jpg,Platelets,394,433,199,230
BloodImage_00022.jpg,RBC,17,130,163,255
BloodImage_00022.jpg,RBC,1,113,197,289
BloodImage_00022.jpg,RBC,289,392,142,234
BloodImage_00022.jpg,RBC,340,443,81,173
BloodImage_00022.jpg,RBC,275,392,22,126
BloodImage_00022.jpg,RBC,441,579,59,163
BloodImage_00022.jpg,RBC,471,579,143,263
BloodImage_00022.jpg,RBC,557,639,359,480
BloodImage_00022.jpg,RBC,406,538,374,480
BloodImage_00022.jpg,RBC,272,389,389,480
BloodImage_00022.jpg,RBC,378,482,249,349
BloodImage_00022.jpg,RBC,15,100,12,147
BloodImage_00023.jpg,WBC,98,281,34,206
BloodImage_00023.jpg,RBC,277,387,113,233
BloodImage_00023.jpg,RBC,388,498,82,202
BloodImage_00023.jpg,RBC,306,416,243,363
BloodImage_00023.jpg,RBC,186,291,268,381
BloodImage_00023.jpg,RBC,296,423,364,480
BloodImage_00023.jpg,RBC,511,638,147,263
BloodImage_00023.jpg,RBC,62,174,414,480
BloodImage_00023.jpg,RBC,37,141,1,76
BloodImage_00023.jpg,RBC,29,117,152,247
BloodImage_00023.jpg,RBC,494,594,1,74
BloodImage_00023.jpg,RBC,572,640,264,345
BloodImage_00023.jpg,RBC,524,640,354,453
BloodImage_00023.jpg,RBC,15,109,220,334
BloodImage_00023.jpg,Platelets,132,171,292,340
BloodImage_00023.jpg,RBC,343,468,1,110
BloodImage_00023.jpg,RBC,209,305,245,327
BloodImage_00023.jpg,RBC,177,273,219,301
BloodImage_00024.jpg,WBC,310,471,1,128
BloodImage_00024.jpg,RBC,89,192,89,206
BloodImage_00024.jpg,RBC,265,368,114,231
BloodImage_00024.jpg,RBC,203,295,176,318
BloodImage_00024.jpg,RBC,109,204,195,306
BloodImage_00024.jpg,RBC,391,486,117,228
BloodImage_00024.jpg,RBC,376,471,250,361
BloodImage_00024.jpg,RBC,314,419,357,477
BloodImage_00024.jpg,RBC,25,142,309,428
BloodImage_00024.jpg,RBC,497,604,1,97
BloodImage_00024.jpg,RBC,578,640,144,248
BloodImage_00024.jpg,RBC,570,640,252,390
BloodImage_00024.jpg,RBC,494,588,325,427
BloodImage_00024.jpg,RBC,399,517,334,457
BloodImage_00024.jpg,RBC,19,103,234,344
BloodImage_00024.jpg,RBC,484,587,196,313
BloodImage_00026.jpg,WBC,387,564,1,102
BloodImage_00026.jpg,RBC,178,287,2,113
BloodImage_00026.jpg,RBC,114,223,154,265
BloodImage_00026.jpg,RBC,102,211,60,171
BloodImage_00026.jpg,RBC,42,151,70,181
BloodImage_00026.jpg,RBC,1,94,112,227
BloodImage_00026.jpg,RBC,2,113,171,287
BloodImage_00026.jpg,RBC,424,535,270,386
BloodImage_00026.jpg,RBC,173,282,362,460
BloodImage_00026.jpg,RBC,86,195,358,456
BloodImage_00026.jpg,RBC,253,350,151,245
BloodImage_00026.jpg,RBC,497,608,196,294
BloodImage_00026.jpg,RBC,317,426,351,471
BloodImage_00026.jpg,RBC,202,329,280,394
BloodImage_00026.jpg,RBC,295,422,202,316
BloodImage_00026.jpg,RBC,436,574,94,210
BloodImage_00026.jpg,RBC,294,407,78,194
BloodImage_00026.jpg,Platelets,146,186,269,304
BloodImage_00026.jpg,Platelets,282,322,425,460
BloodImage_00028.jpg,WBC,255,430,1,160
BloodImage_00028.jpg,RBC,224,316,177,272
BloodImage_00028.jpg,RBC,328,431,290,391
BloodImage_00028.jpg,RBC,203,306,308,409
BloodImage_00028.jpg,RBC,1,107,281,404
BloodImage_00028.jpg,RBC,143,250,118,241
BloodImage_00028.jpg,RBC,1,70,98,217
BloodImage_00028.jpg,RBC,1,82,185,272
BloodImage_00028.jpg,RBC,89,171,243,330
BloodImage_00028.jpg,RBC,129,246,409,480
BloodImage_00028.jpg,RBC,166,269,221,322
BloodImage_00028.jpg,RBC,119,220,1,68
BloodImage_00028.jpg,RBC,192,272,1,60
BloodImage_00028.jpg,RBC,387,491,167,266
BloodImage_00028.jpg,RBC,441,505,195,267
BloodImage_00028.jpg,RBC,553,639,181,285
BloodImage_00028.jpg,RBC,534,620,228,332
BloodImage_00028.jpg,RBC,553,639,362,480
BloodImage_00028.jpg,RBC,553,640,1,104
BloodImage_00028.jpg,RBC,462,583,58,190
BloodImage_00028.jpg,RBC,385,501,75,181
BloodImage_00028.jpg,RBC,266,388,328,450
BloodImage_00029.jpg,WBC,75,224,179,315
BloodImage_00029.jpg,Platelets,440,495,283,317
BloodImage_00029.jpg,RBC,241,358,86,199
BloodImage_00029.jpg,RBC,212,293,48,142
BloodImage_00029.jpg,RBC,364,463,143,228
BloodImage_00029.jpg,RBC,424,545,137,228
BloodImage_00029.jpg,RBC,227,348,193,300
BloodImage_00029.jpg,RBC,207,328,265,372
BloodImage_00029.jpg,RBC,139,260,320,427
BloodImage_00029.jpg,RBC,256,377,365,472
BloodImage_00029.jpg,RBC,390,511,356,463
BloodImage_00029.jpg,RBC,506,624,110,196
BloodImage_00029.jpg,RBC,517,638,57,148
BloodImage_00029.jpg,RBC,421,526,8,107
BloodImage_00029.jpg,RBC,70,200,23,145
BloodImage_00029.jpg,RBC,19,129,70,186
BloodImage_00029.jpg,RBC,1,87,128,251
BloodImage_00029.jpg,RBC,1,79,194,318
BloodImage_00029.jpg,RBC,1,75,264,366
BloodImage_00029.jpg,RBC,1,75,310,412
BloodImage_00029.jpg,RBC,24,105,355,459
BloodImage_00029.jpg,RBC,11,103,423,480
BloodImage_00029.jpg,RBC,207,300,1,51
BloodImage_00029.jpg,RBC,275,365,1,74
BloodImage_00030.jpg,WBC,1,143,191,333
BloodImage_00030.jpg,RBC,123,230,249,370
BloodImage_00030.jpg,RBC,149,229,113,219
BloodImage_00030.jpg,RBC,198,278,117,223
BloodImage_00030.jpg,RBC,195,264,58,144
BloodImage_00030.jpg,RBC,291,383,270,377
BloodImage_00030.jpg,RBC,324,429,402,480
BloodImage_00030.jpg,RBC,359,464,402,480
BloodImage_00030.jpg,RBC,375,472,239,340
BloodImage_00030.jpg,RBC,457,554,191,292
BloodImage_00030.jpg,RBC,299,415,174,277
BloodImage_00030.jpg,RBC,458,556,387,480
BloodImage_00030.jpg,RBC,1,75,322,425
BloodImage_00030.jpg,RBC,1,67,63,191
BloodImage_00030.jpg,RBC,297,428,1,81
BloodImage_00030.jpg,RBC,500,597,238,339
BloodImage_00030.jpg,RBC,485,582,281,382
BloodImage_00030.jpg,RBC,473,570,338,439
BloodImage_00030.jpg,RBC,572,640,356,455
BloodImage_00030.jpg,RBC,525,640,7,148
BloodImage_00030.jpg,RBC,445,558,35,159
BloodImage_00030.jpg,Platelets,347,389,91,137
BloodImage_00030.jpg,Platelets,405,447,86,132
BloodImage_00030.jpg,Platelets,301,343,23,69
BloodImage_00030.jpg,RBC,286,396,123,229
BloodImage_00031.jpg,WBC,127,270,143,273
BloodImage_00031.jpg,WBC,287,437,364,480
BloodImage_00031.jpg,RBC,153,257,383,480
BloodImage_00031.jpg,RBC,47,151,358,455
BloodImage_00031.jpg,RBC,83,187,321,418
BloodImage_00031.jpg,RBC,332,436,153,250
BloodImage_00031.jpg,RBC,395,514,228,329
BloodImage_00031.jpg,RBC,520,631,396,480
BloodImage_00031.jpg,RBC,556,640,319,404
BloodImage_00031.jpg,RBC,522,630,254,342
BloodImage_00031.jpg,RBC,512,620,190,278
BloodImage_00031.jpg,RBC,534,640,58,181
BloodImage_00031.jpg,RBC,453,593,1,71
BloodImage_00031.jpg,Platelets,241,298,381,426
BloodImage_00031.jpg,Platelets,110,148,247,289
BloodImage_00031.jpg,Platelets,343,381,108,150
BloodImage_00031.jpg,Platelets,409,447,88,130
BloodImage_00031.jpg,RBC,301,405,211,308
BloodImage_00031.jpg,RBC,251,355,264,361
BloodImage_00031.jpg,RBC,27,141,1,98
BloodImage_00031.jpg,RBC,1,91,65,160
BloodImage_00031.jpg,RBC,57,148,62,157
BloodImage_00031.jpg,RBC,1,94,246,370
BloodImage_00031.jpg,RBC,407,493,193,269
BloodImage_00032.jpg,WBC,158,285,77,198
BloodImage_00032.jpg,RBC,233,343,274,379
BloodImage_00032.jpg,RBC,288,398,66,171
BloodImage_00032.jpg,RBC,356,446,251,345
BloodImage_00032.jpg,RBC,455,545,295,389
BloodImage_00032.jpg,RBC,419,509,312,406
BloodImage_00032.jpg,RBC,332,457,365,474
BloodImage_00032.jpg,RBC,199,297,221,309
BloodImage_00032.jpg,RBC,86,215,323,437
BloodImage_00032.jpg,RBC,50,160,1,92
BloodImage_00032.jpg,RBC,174,273,16,96
BloodImage_00032.jpg,RBC,406,517,1,89
BloodImage_00032.jpg,RBC,517,628,136,225
BloodImage_00032.jpg,RBC,521,632,197,286
BloodImage_00032.jpg,RBC,546,640,248,345
BloodImage_00032.jpg,RBC,464,558,101,198
BloodImage_00032.jpg,RBC,411,505,65,162
BloodImage_00032.jpg,RBC,421,515,134,231
BloodImage_00032.jpg,RBC,416,520,158,258
BloodImage_00032.jpg,RBC,391,495,160,260
BloodImage_00032.jpg,RBC,350,454,182,282
BloodImage_00032.jpg,RBC,50,172,238,342
BloodImage_00032.jpg,RBC,454,580,408,480
BloodImage_00032.jpg,RBC,1,89,366,480
BloodImage_00032.jpg,Platelets,102,140,105,151
BloodImage_00033.jpg,WBC,129,280,109,251
BloodImage_00033.jpg,RBC,83,192,230,332
BloodImage_00033.jpg,RBC,303,394,238,359
BloodImage_00033.jpg,RBC,276,346,245,365
BloodImage_00033.jpg,RBC,244,314,269,389
BloodImage_00033.jpg,RBC,219,289,287,407
BloodImage_00033.jpg,RBC,190,260,291,411
BloodImage_00033.jpg,RBC,442,551,219,321
BloodImage_00033.jpg,RBC,391,500,207,309
BloodImage_00033.jpg,RBC,468,577,303,405
BloodImage_00033.jpg,RBC,575,640,331,434
BloodImage_00033.jpg,RBC,568,640,89,185
BloodImage_00033.jpg,RBC,532,640,36,134
BloodImage_00033.jpg,RBC,350,465,74,185
BloodImage_00033.jpg,RBC,297,414,1,91
BloodImage_00033.jpg,RBC,348,463,369,480
BloodImage_00033.jpg,RBC,177,286,389,480
BloodImage_00033.jpg,RBC,68,163,22,131
BloodImage_00033.jpg,RBC,198,291,1,89
BloodImage_00034.jpg,WBC,350,543,181,359
BloodImage_00034.jpg,WBC,310,458,351,480
BloodImage_00034.jpg,Platelets,524,562,334,377
BloodImage_00034.jpg,Platelets,52,90,85,128
BloodImage_00034.jpg,RBC,127,259,130,270
BloodImage_00034.jpg,RBC,97,205,298,415
BloodImage_00034.jpg,RBC,1,107,336,453
BloodImage_00034.jpg,RBC,62,174,407,480
BloodImage_00034.jpg,RBC,518,602,1,98
BloodImage_00034.jpg,RBC,484,568,17,128
BloodImage_00034.jpg,RBC,452,537,34,145
BloodImage_00034.jpg,RBC,409,494,54,165
BloodImage_00034.jpg,RBC,358,443,84,195
BloodImage_00034.jpg,RBC,555,640,282,393
BloodImage_00034.jpg,RBC,571,640,352,464
BloodImage_00034.jpg,RBC,102,175,23,128
BloodImage_00034.jpg,RBC,143,226,22,126
BloodImage_00034.jpg,RBC,278,372,16,121
BloodImage_00034.jpg,RBC,207,320,283,401
BloodImage_00035.jpg,WBC,183,334,285,425
BloodImage_00035.jpg,RBC,160,266,155,279
BloodImage_00035.jpg,RBC,1,105,29,153
BloodImage_00035.jpg,RBC,89,196,103,215
BloodImage_00035.jpg,RBC,41,147,168,280
BloodImage_00035.jpg,RBC,82,189,234,346
BloodImage_00035.jpg,RBC,32,138,260,372
BloodImage_00035.jpg,RBC,1,102,345,444
BloodImage_00035.jpg,RBC,292,395,401,480
BloodImage_00035.jpg,RBC,381,487,319,419
BloodImage_00035.jpg,RBC,456,534,312,419
BloodImage_00035.jpg,RBC,478,594,277,406
BloodImage_00035.jpg,RBC,567,640,243,353
BloodImage_00035.jpg,RBC,559,640,389,480
BloodImage_00035.jpg,RBC,504,607,97,185
BloodImage_00035.jpg,RBC,374,533,83,207
BloodImage_00035.jpg,RBC,305,408,1,88
BloodImage_00035.jpg,RBC,243,346,146,234
BloodImage_00035.jpg,RBC,316,419,236,324
BloodImage_00035.jpg,Platelets,146,182,337,382
BloodImage_00035.jpg,Platelets,108,144,352,397
BloodImage_00035.jpg,Platelets,171,207,413,458
BloodImage_00035.jpg,RBC,83,201,1,77
BloodImage_00036.jpg,WBC,107,287,242,423
BloodImage_00036.jpg,RBC,207,319,106,209
BloodImage_00036.jpg,RBC,166,278,130,233
BloodImage_00036.jpg,RBC,405,499,171,274
BloodImage_00036.jpg,RBC,487,599,106,209
BloodImage_00036.jpg,RBC,545,640,315,428
BloodImage_00036.jpg,RBC,260,355,370,480
BloodImage_00036.jpg,RBC,1,88,266,360
BloodImage_00036.jpg,RBC,1,99,138,242
BloodImage_00036.jpg,RBC,60,160,87,191
BloodImage_00036.jpg,RBC,301,429,21,135
BloodImage_00036.jpg,RBC,397,494,60,168
BloodImage_00036.jpg,RBC,543,639,242,350
BloodImage_00036.jpg,RBC,391,453,168,270
BloodImage_00036.jpg,RBC,421,518,1,80
BloodImage_00036.jpg,RBC,480,577,1,80
BloodImage_00036.jpg,Platelets,162,198,91,126
BloodImage_00036.jpg,RBC,468,562,264,367
BloodImage_00036.jpg,RBC,107,210,1,86
BloodImage_00036.jpg,RBC,70,205,389,477
BloodImage_00037.jpg,WBC,421,541,302,420
BloodImage_00037.jpg,RBC,187,291,107,225
BloodImage_00037.jpg,RBC,272,375,89,180
BloodImage_00037.jpg,RBC,251,354,175,266
BloodImage_00037.jpg,RBC,268,371,199,290
BloodImage_00037.jpg,RBC,529,636,130,252
BloodImage_00037.jpg,RBC,553,640,191,296
BloodImage_00037.jpg,RBC,479,566,215,320
BloodImage_00037.jpg,RBC,448,535,186,291
BloodImage_00037.jpg,RBC,410,497,177,282
BloodImage_00037.jpg,RBC,362,449,156,261
BloodImage_00037.jpg,RBC,520,607,33,138
BloodImage_00037.jpg,RBC,479,566,26,131
BloodImage_00037.jpg,RBC,389,476,15,120
BloodImage_00037.jpg,RBC,96,183,382,471
BloodImage_00037.jpg,RBC,14,101,320,409
BloodImage_00037.jpg,RBC,17,104,76,165
BloodImage_00037.jpg,RBC,14,115,136,238
BloodImage_00037.jpg,RBC,37,138,171,273
BloodImage_00037.jpg,RBC,48,147,5,81
BloodImage_00037.jpg,RBC,113,212,13,89
BloodImage_00037.jpg,RBC,126,225,31,107
BloodImage_00037.jpg,RBC,543,640,335,440
BloodImage_00037.jpg,RBC,331,424,436,480
BloodImage_00037.jpg,RBC,179,292,305,411
BloodImage_00037.jpg,RBC,145,258,241,347
BloodImage_00037.jpg,RBC,95,208,224,330
BloodImage_00037.jpg,Platelets,132,174,111,157
BloodImage_00037.jpg,Platelets,364,397,63,101
BloodImage_00037.jpg,RBC,1,102,248,347
BloodImage_00038.jpg,WBC,415,533,304,427
BloodImage_00038.jpg,RBC,155,255,389,455
BloodImage_00038.jpg,RBC,96,194,399,476
BloodImage_00038.jpg,RBC,11,91,261,360
BloodImage_00038.jpg,RBC,19,99,312,411
BloodImage_00038.jpg,RBC,14,94,77,176
BloodImage_00038.jpg,RBC,22,122,142,243
BloodImage_00038.jpg,RBC,61,140,194,295
BloodImage_00038.jpg,RBC,93,172,224,325
BloodImage_00038.jpg,RBC,117,196,233,334
BloodImage_00038.jpg,RBC,171,265,236,340
BloodImage_00038.jpg,RBC,265,359,186,290
BloodImage_00038.jpg,RBC,186,294,112,236
BloodImage_00038.jpg,Platelets,140,174,117,156
BloodImage_00038.jpg,Platelets,373,407,62,101
BloodImage_00038.jpg,RBC,281,373,94,176
BloodImage_00038.jpg,RBC,515,607,41,123
BloodImage_00038.jpg,RBC,472,565,15,138
BloodImage_00038.jpg,RBC,544,638,128,251
BloodImage_00038.jpg,RBC,562,640,206,299
BloodImage_00038.jpg,RBC,475,568,229,323
BloodImage_00038.jpg,RBC,439,532,191,285
BloodImage_00038.jpg,RBC,392,485,178,272
BloodImage_00038.jpg,RBC,547,640,332,426
BloodImage_00038.jpg,RBC,547,640,386,480
BloodImage_00038.jpg,RBC,488,581,386,480
BloodImage_00038.jpg,RBC,137,230,15,109
BloodImage_00038.jpg,RBC,385,478,30,124
BloodImage_00039.jpg,WBC,107,270,212,347
BloodImage_00039.jpg,RBC,245,370,86,198
BloodImage_00039.jpg,RBC,47,140,165,259
BloodImage_00039.jpg,RBC,12,145,76,179
BloodImage_00039.jpg,RBC,195,296,346,447
BloodImage_00039.jpg,RBC,120,221,358,459
BloodImage_00039.jpg,RBC,83,184,356,457
BloodImage_00039.jpg,RBC,15,116,356,457
BloodImage_00039.jpg,RBC,310,411,309,410
BloodImage_00039.jpg,RBC,417,518,304,405
BloodImage_00039.jpg,RBC,485,586,197,298
BloodImage_00039.jpg,RBC,474,589,2,111
BloodImage_00039.jpg,RBC,358,474,1,95
BloodImage_00039.jpg,RBC,111,227,1,95
BloodImage_00039.jpg,RBC,131,247,77,172
BloodImage_00039.jpg,Platelets,1,45,19,61
BloodImage_00039.jpg,Platelets,548,583,293,324
BloodImage_00039.jpg,RBC,377,502,171,283
BloodImage_00039.jpg,RBC,487,574,391,480
BloodImage_00040.jpg,WBC,242,457,117,332
BloodImage_00040.jpg,RBC,140,249,308,415
BloodImage_00040.jpg,RBC,96,205,362,469
BloodImage_00040.jpg,RBC,1,89,323,430
BloodImage_00040.jpg,RBC,79,212,212,317
BloodImage_00040.jpg,RBC,105,238,108,213
BloodImage_00040.jpg,RBC,463,596,104,209
BloodImage_00040.jpg,RBC,526,640,95,189
BloodImage_00040.jpg,RBC,529,640,204,318
BloodImage_00040.jpg,RBC,464,575,312,426
BloodImage_00040.jpg,RBC,332,457,314,428
BloodImage_00040.jpg,RBC,255,380,322,436
BloodImage_00040.jpg,RBC,264,387,392,480
BloodImage_00040.jpg,RBC,12,123,106,207
BloodImage_00040.jpg,RBC,538,639,1,85
BloodImage_00040.jpg,Platelets,428,473,11,50
BloodImage_00040.jpg,Platelets,489,534,46,85
BloodImage_00040.jpg,Platelets,48,93,206,245
BloodImage_00041.jpg,WBC,261,424,219,381
BloodImage_00041.jpg,RBC,228,374,13,121
BloodImage_00041.jpg,RBC,321,437,117,236
BloodImage_00041.jpg,RBC,478,594,83,202
BloodImage_00041.jpg,RBC,435,551,147,266
BloodImage_00041.jpg,RBC,414,530,220,339
BloodImage_00041.jpg,RBC,480,579,250,352
BloodImage_00041.jpg,RBC,478,577,304,406
BloodImage_00041.jpg,RBC,455,554,353,455
BloodImage_00041.jpg,RBC,531,630,310,412
BloodImage_00041.jpg,RBC,1,80,12,128
BloodImage_00041.jpg,RBC,76,198,1,109
BloodImage_00041.jpg,RBC,427,562,1,114
BloodImage_00041.jpg,Platelets,396,440,2,60
BloodImage_00041.jpg,Platelets,210,252,419,453
BloodImage_00041.jpg,RBC,196,294,111,220
BloodImage_00041.jpg,RBC,25,123,151,260
BloodImage_00041.jpg,RBC,43,132,410,480
BloodImage_00041.jpg,RBC,124,213,410,480
BloodImage_00041.jpg,RBC,1,98,373,460
BloodImage_00042.jpg,WBC,116,278,192,319
BloodImage_00042.jpg,RBC,65,151,42,172
BloodImage_00042.jpg,RBC,236,330,281,377
BloodImage_00042.jpg,RBC,355,449,316,412
BloodImage_00042.jpg,RBC,545,639,187,313
BloodImage_00042.jpg,RBC,545,640,81,207
BloodImage_00042.jpg,RBC,562,640,1,101
BloodImage_00042.jpg,RBC,151,260,1,84
BloodImage_00042.jpg,RBC,248,396,1,77
BloodImage_00042.jpg,RBC,303,412,149,233
BloodImage_00042.jpg,RBC,95,260,377,476
BloodImage_00042.jpg,Platelets,401,451,179,215
BloodImage_00042.jpg,Platelets,1,30,282,321
BloodImage_00042.jpg,RBC,442,553,222,350
BloodImage_00042.jpg,RBC,411,505,346,442
BloodImage_00042.jpg,RBC,463,563,384,480
BloodImage_00043.jpg,WBC,76,217,106,228
BloodImage_00043.jpg,WBC,498,639,304,480
BloodImage_00043.jpg,Platelets,177,211,76,115
BloodImage_00043.jpg,Platelets,61,95,441,480
BloodImage_00043.jpg,RBC,17,144,330,428
BloodImage_00043.jpg,RBC,107,234,345,443
BloodImage_00043.jpg,RBC,86,213,223,321
BloodImage_00043.jpg,RBC,31,158,208,306
BloodImage_00043.jpg,RBC,367,494,286,384
BloodImage_00043.jpg,RBC,346,473,175,273
BloodImage_00043.jpg,RBC,296,423,46,144
BloodImage_00043.jpg,RBC,417,511,84,188
BloodImage_00043.jpg,RBC,4,98,1,104
BloodImage_00043.jpg,RBC,1,77,97,200
BloodImage_00043.jpg,RBC,564,640,49,167
BloodImage_00043.jpg,RBC,507,623,126,245
BloodImage_00044.jpg,WBC,196,345,257,411
BloodImage_00044.jpg,WBC,1,121,40,154
BloodImage_00044.jpg,RBC,68,209,371,473
BloodImage_00044.jpg,RBC,69,154,288,383
BloodImage_00044.jpg,RBC,409,517,54,161
BloodImage_00044.jpg,RBC,49,157,142,249
BloodImage_00044.jpg,RBC,207,315,59,166
BloodImage_00044.jpg,RBC,170,278,145,252
BloodImage_00044.jpg,RBC,301,409,23,130
BloodImage_00044.jpg,RBC,503,611,168,275
BloodImage_00044.jpg,RBC,520,628,94,201
BloodImage_00044.jpg,RBC,505,613,30,137
BloodImage_00044.jpg,RBC,516,622,415,480
BloodImage_00044.jpg,RBC,1,79,323,435
BloodImage_00044.jpg,Platelets,520,555,377,413
BloodImage_00044.jpg,Platelets,561,596,366,402
BloodImage_00044.jpg,Platelets,353,388,434,470
BloodImage_00044.jpg,Platelets,114,150,126,157
BloodImage_00044.jpg,RBC,387,482,319,412
BloodImage_00044.jpg,Platelets,502,537,310,346
BloodImage_00045.jpg,RBC,326,422,235,338
BloodImage_00045.jpg,RBC,173,269,272,375
BloodImage_00045.jpg,RBC,223,319,273,376
BloodImage_00045.jpg,RBC,240,344,361,460
BloodImage_00045.jpg,RBC,81,185,336,435
BloodImage_00045.jpg,RBC,1,103,344,443
BloodImage_00045.jpg,RBC,349,445,398,480
BloodImage_00045.jpg,RBC,386,482,386,468
BloodImage_00045.jpg,RBC,410,506,360,442
BloodImage_00045.jpg,RBC,451,547,339,421
BloodImage_00045.jpg,RBC,475,571,319,401
BloodImage_00045.jpg,RBC,495,591,304,386
BloodImage_00045.jpg,RBC,437,533,201,283
BloodImage_00045.jpg,RBC,470,566,209,291
BloodImage_00045.jpg,RBC,506,602,222,304
BloodImage_00045.jpg,RBC,390,489,90,194
BloodImage_00045.jpg,RBC,1,99,109,213
BloodImage_00045.jpg,RBC,80,180,69,173
BloodImage_00045.jpg,RBC,184,269,103,184
BloodImage_00045.jpg,RBC,343,428,13,94
BloodImage_00045.jpg,RBC,555,640,139,220
BloodImage_00045.jpg,WBC,491,633,21,144
BloodImage_00045.jpg,RBC,230,326,183,286
BloodImage_00045.jpg,RBC,162,258,41,144
BloodImage_00045.jpg,Platelets,173,204,13,41
BloodImage_00046.jpg,WBC,312,453,1,92
BloodImage_00046.jpg,Platelets,47,99,237,281
BloodImage_00046.jpg,RBC,340,473,143,259
BloodImage_00046.jpg,RBC,245,358,129,233
BloodImage_00046.jpg,RBC,241,354,29,133
BloodImage_00046.jpg,RBC,138,251,294,398
BloodImage_00046.jpg,RBC,61,174,313,417
BloodImage_00046.jpg,RBC,157,262,391,480
BloodImage_00046.jpg,RBC,218,315,417,480
BloodImage_00046.jpg,RBC,1,109,417,480
BloodImage_00046.jpg,RBC,521,609,90,181
BloodImage_00046.jpg,RBC,479,567,109,200
BloodImage_00046.jpg,RBC,463,551,172,263
BloodImage_00046.jpg,RBC,499,587,189,280
BloodImage_00046.jpg,RBC,519,607,209,300
BloodImage_00046.jpg,RBC,532,640,239,337
BloodImage_00046.jpg,RBC,485,623,398,480
BloodImage_00046.jpg,RBC,106,213,22,120
BloodImage_00046.jpg,RBC,1,85,83,189
BloodImage_00046.jpg,RBC,7,112,1,91
BloodImage_00046.jpg,RBC,214,328,284,383
BloodImage_00046.jpg,RBC,338,415,296,383
BloodImage_00046.jpg,RBC,334,411,349,436
BloodImage_00046.jpg,RBC,269,377,387,480
BloodImage_00047.jpg,WBC,278,383,147,259
BloodImage_00047.jpg,Platelets,207,240,214,242
BloodImage_00047.jpg,Platelets,258,291,263,291
BloodImage_00047.jpg,Platelets,12,40,277,311
BloodImage_00047.jpg,RBC,32,163,102,230
BloodImage_00047.jpg,RBC,19,114,1,90
BloodImage_00047.jpg,RBC,1,95,25,115
BloodImage_00047.jpg,RBC,110,226,25,117
BloodImage_00047.jpg,RBC,199,314,1,92
BloodImage_00047.jpg,RBC,377,485,273,373
BloodImage_00047.jpg,RBC,416,506,379,480
BloodImage_00047.jpg,RBC,269,359,379,480
BloodImage_00047.jpg,RBC,392,494,177,276
BloodImage_00047.jpg,RBC,478,560,47,136
BloodImage_00047.jpg,RBC,552,640,1,96
BloodImage_00047.jpg,RBC,290,394,268,375
BloodImage_00047.jpg,RBC,232,336,298,405
BloodImage_00047.jpg,RBC,139,248,318,419
BloodImage_00047.jpg,RBC,296,392,51,142
BloodImage_00047.jpg,RBC,371,467,75,166
BloodImage_00047.jpg,RBC,439,546,1,45
BloodImage_00048.jpg,Platelets,506,551,192,232
BloodImage_00048.jpg,WBC,200,355,151,303
BloodImage_00048.jpg,RBC,149,295,281,387
BloodImage_00048.jpg,RBC,90,193,144,249
BloodImage_00048.jpg,RBC,1,102,59,164
BloodImage_00048.jpg,RBC,1,102,12,117
BloodImage_00048.jpg,RBC,64,162,1,60
BloodImage_00048.jpg,RBC,209,317,72,139
BloodImage_00048.jpg,RBC,404,503,259,370
BloodImage_00048.jpg,RBC,191,290,369,480
BloodImage_00048.jpg,RBC,38,137,246,357
BloodImage_00048.jpg,RBC,396,512,16,118
BloodImage_00048.jpg,RBC,566,640,96,200
BloodImage_00048.jpg,RBC,524,640,306,408
BloodImage_00048.jpg,RBC,548,640,400,480
BloodImage_00048.jpg,RBC,380,479,349,460
BloodImage_00048.jpg,RBC,467,555,414,480
BloodImage_00049.jpg,WBC,156,292,248,363
BloodImage_00049.jpg,Platelets,140,191,202,250
BloodImage_00049.jpg,RBC,486,599,81,196
BloodImage_00049.jpg,RBC,423,507,265,356
BloodImage_00049.jpg,RBC,556,639,347,438
BloodImage_00049.jpg,RBC,368,495,315,430
BloodImage_00049.jpg,RBC,261,388,332,447
BloodImage_00049.jpg,RBC,369,480,171,263
BloodImage_00049.jpg,RBC,378,485,44,164
BloodImage_00049.jpg,RBC,180,278,104,211
BloodImage_00049.jpg,RBC,58,156,142,249
BloodImage_00049.jpg,RBC,1,87,124,267
BloodImage_00049.jpg,RBC,279,377,236,343
BloodImage_00049.jpg,RBC,282,380,127,234
BloodImage_00049.jpg,RBC,246,377,1,115
BloodImage_00049.jpg,RBC,153,254,1,78
BloodImage_00049.jpg,RBC,453,594,1,108
BloodImage_00049.jpg,RBC,1,68,241,351
BloodImage_00049.jpg,RBC,41,139,1,108
BloodImage_00050.jpg,RBC,111,205,149,254
BloodImage_00050.jpg,RBC,484,593,80,186
BloodImage_00050.jpg,RBC,365,474,109,215
BloodImage_00050.jpg,RBC,421,528,301,418
BloodImage_00050.jpg,RBC,250,348,313,419
BloodImage_00050.jpg,RBC,158,256,317,423
BloodImage_00050.jpg,RBC,321,424,39,146
BloodImage_00050.jpg,RBC,29,141,64,169
BloodImage_00050.jpg,RBC,323,449,248,353
BloodImage_00050.jpg,RBC,514,612,368,474
BloodImage_00050.jpg,WBC,172,304,1,117
